"date","horizon","model","csfe"
2016-01-01,"h = 1","MRF fixed",-0.0665029614613069
2016-02-01,"h = 1","MRF fixed",-0.0534324065428482
2016-03-01,"h = 1","MRF fixed",0.0661042703902539
2016-04-01,"h = 1","MRF fixed",0.0978906860486631
2016-05-01,"h = 1","MRF fixed",0.0592167936937336
2016-06-01,"h = 1","MRF fixed",0.115739584689323
2016-07-01,"h = 1","MRF fixed",0.10723390599705
2016-08-01,"h = 1","MRF fixed",0.104375605123264
2016-09-01,"h = 1","MRF fixed",0.119077977178403
2016-10-01,"h = 1","MRF fixed",0.11872861787984
2016-11-01,"h = 1","MRF fixed",0.134906659424688
2016-12-01,"h = 1","MRF fixed",0.134929262127947
2017-01-01,"h = 1","MRF fixed",0.138051724886782
2017-02-01,"h = 1","MRF fixed",0.128833177650411
2017-03-01,"h = 1","MRF fixed",0.119890597931442
2017-04-01,"h = 1","MRF fixed",0.143914322002176
2017-05-01,"h = 1","MRF fixed",0.14298757330006
2017-06-01,"h = 1","MRF fixed",0.122737941704961
2017-07-01,"h = 1","MRF fixed",0.133942009425649
2017-08-01,"h = 1","MRF fixed",0.110023677582468
2017-09-01,"h = 1","MRF fixed",0.105452521144263
2017-10-01,"h = 1","MRF fixed",0.120971750437896
2017-11-01,"h = 1","MRF fixed",0.100315687101047
2017-12-01,"h = 1","MRF fixed",0.10504956512288
2018-01-01,"h = 1","MRF fixed",0.0841272466453524
2018-02-01,"h = 1","MRF fixed",0.0768652109425365
2018-03-01,"h = 1","MRF fixed",0.0513205406923622
2018-04-01,"h = 1","MRF fixed",0.0529909469628385
2018-05-01,"h = 1","MRF fixed",0.0577224195557989
2018-06-01,"h = 1","MRF fixed",0.368647341624708
2018-07-01,"h = 1","MRF fixed",0.340321166232402
2018-08-01,"h = 1","MRF fixed",0.427373475478555
2018-09-01,"h = 1","MRF fixed",0.426752934450799
2018-10-01,"h = 1","MRF fixed",0.40231990078662
2018-11-01,"h = 1","MRF fixed",0.458843905917428
2018-12-01,"h = 1","MRF fixed",0.458733826580625
2019-01-01,"h = 1","MRF fixed",0.466713940108478
2019-02-01,"h = 1","MRF fixed",0.472313620723002
2019-03-01,"h = 1","MRF fixed",0.536190974964604
2019-04-01,"h = 1","MRF fixed",0.545862814188629
2019-05-01,"h = 1","MRF fixed",0.587655211588025
2019-06-01,"h = 1","MRF fixed",0.683527503694463
2019-07-01,"h = 1","MRF fixed",0.678640229249265
2019-08-01,"h = 1","MRF fixed",0.659108783271033
2019-09-01,"h = 1","MRF fixed",0.653888263129689
2019-10-01,"h = 1","MRF fixed",0.645802239877064
2019-11-01,"h = 1","MRF fixed",0.713489949722146
2019-12-01,"h = 1","MRF fixed",0.79370881514775
2020-01-01,"h = 1","MRF fixed",0.761350730992695
2020-02-01,"h = 1","MRF fixed",0.762260557593103
2020-03-01,"h = 1","MRF fixed",0.778826757324804
2020-04-01,"h = 1","MRF fixed",0.754952104472028
2020-05-01,"h = 1","MRF fixed",0.58924834324764
2020-06-01,"h = 1","MRF fixed",0.64828655173355
2020-07-01,"h = 1","MRF fixed",0.634183286900797
2020-08-01,"h = 1","MRF fixed",0.611969179819446
2020-09-01,"h = 1","MRF fixed",0.665587984024894
2020-10-01,"h = 1","MRF fixed",0.701942581112165
2020-11-01,"h = 1","MRF fixed",0.717583179978862
2020-12-01,"h = 1","MRF fixed",0.699668807422389
2021-01-01,"h = 1","MRF fixed",0.700725430929144
2021-02-01,"h = 1","MRF fixed",0.690872216542218
2021-03-01,"h = 1","MRF fixed",0.750917473061088
2021-04-01,"h = 1","MRF fixed",0.710771249624734
2021-05-01,"h = 1","MRF fixed",0.778172067224153
2021-06-01,"h = 1","MRF fixed",0.757435274912024
2021-07-01,"h = 1","MRF fixed",0.722966330086565
2021-08-01,"h = 1","MRF fixed",0.73420779680093
2021-09-01,"h = 1","MRF fixed",0.672184529351774
2021-10-01,"h = 1","MRF fixed",0.627232100838175
2021-11-01,"h = 1","MRF fixed",0.626219876740793
2021-12-01,"h = 1","MRF fixed",0.628948847180756
2022-01-01,"h = 1","MRF fixed",0.625866319407302
2022-02-01,"h = 1","MRF fixed",0.651691761747716
2022-03-01,"h = 1","MRF fixed",0.677294181960005
2022-04-01,"h = 1","MRF fixed",0.678141212372211
2022-05-01,"h = 1","MRF fixed",0.787261326058295
2022-06-01,"h = 1","MRF fixed",0.70598348453557
2022-07-01,"h = 1","MRF fixed",0.885457851429663
2022-08-01,"h = 1","MRF fixed",0.898442845099027
2022-09-01,"h = 1","MRF fixed",0.860430339761068
2022-10-01,"h = 1","MRF fixed",0.954569529572085
2022-11-01,"h = 1","MRF fixed",0.93761038751274
2022-12-01,"h = 1","MRF fixed",0.924897314115411
2023-01-01,"h = 1","MRF fixed",0.921965440568588
2023-02-01,"h = 1","MRF fixed",0.898339066571619
2023-03-01,"h = 1","MRF fixed",0.903527571706432
2023-04-01,"h = 1","MRF fixed",0.898120780658322
2023-05-01,"h = 1","MRF fixed",0.890861643807328
2023-06-01,"h = 1","MRF fixed",0.965465593246422
2023-07-01,"h = 1","MRF fixed",0.975823345599043
2023-08-01,"h = 1","MRF fixed",0.974044923879301
2023-09-01,"h = 1","MRF fixed",0.972927208245292
2023-10-01,"h = 1","MRF fixed",0.977944488962516
2023-11-01,"h = 1","MRF fixed",0.976507792062742
2023-12-01,"h = 1","MRF fixed",0.977922762388347
2024-01-01,"h = 1","MRF fixed",0.97478486035328
2024-02-01,"h = 1","MRF fixed",0.955722867569195
2024-03-01,"h = 1","MRF fixed",0.968820080321613
2024-04-01,"h = 1","MRF fixed",0.948543291871627
2024-05-01,"h = 1","MRF fixed",0.953384481681546
2024-06-01,"h = 1","MRF fixed",0.923537339443554
2024-07-01,"h = 1","MRF fixed",0.927802996956536
2024-08-01,"h = 1","MRF fixed",0.91308743502494
2024-09-01,"h = 1","MRF fixed",0.898698491324672
2024-10-01,"h = 1","MRF fixed",0.913677906176252
2024-11-01,"h = 1","MRF fixed",0.902115691353306
2024-12-01,"h = 1","MRF fixed",0.90644819991619
2025-01-01,"h = 1","MRF fixed",0.873360731875547
2025-02-01,"h = 1","MRF fixed",0.845236922486541
2025-03-01,"h = 1","MRF fixed",0.73846734280257
2025-04-01,"h = 1","MRF fixed",0.746855124151736
2025-05-01,"h = 1","MRF fixed",0.756616766150645
2025-06-01,"h = 1","MRF fixed",0.75875966319282
2025-07-01,"h = 1","MRF fixed",0.765579578694294
2025-08-01,"h = 1","MRF fixed",0.731818261399457
2025-09-01,"h = 1","MRF fixed",0.709343588360302
2025-10-01,"h = 1","MRF fixed",0.676683177837372
2025-11-01,"h = 1","MRF fixed",0.678356926450168
2025-12-01,"h = 1","MRF fixed",0.678126440027672
2016-01-01,"h = 1","MRF expanding",-0.0925403280438631
2016-02-01,"h = 1","MRF expanding",-0.0747489189243738
2016-03-01,"h = 1","MRF expanding",0.029737857566113
2016-04-01,"h = 1","MRF expanding",0.05684137406758
2016-05-01,"h = 1","MRF expanding",0.0225189147087079
2016-06-01,"h = 1","MRF expanding",0.0864892667606146
2016-07-01,"h = 1","MRF expanding",0.0703176386492713
2016-08-01,"h = 1","MRF expanding",0.0680894696445668
2016-09-01,"h = 1","MRF expanding",0.0739726695487092
2016-10-01,"h = 1","MRF expanding",0.072875660179677
2016-11-01,"h = 1","MRF expanding",0.097402204772736
2016-12-01,"h = 1","MRF expanding",0.0974764452900674
2017-01-01,"h = 1","MRF expanding",0.0988737206764627
2017-02-01,"h = 1","MRF expanding",0.0891546615161823
2017-03-01,"h = 1","MRF expanding",0.0789592710044206
2017-04-01,"h = 1","MRF expanding",0.103869454727748
2017-05-01,"h = 1","MRF expanding",0.104220199568886
2017-06-01,"h = 1","MRF expanding",0.0476284430291581
2017-07-01,"h = 1","MRF expanding",0.0605246681824397
2017-08-01,"h = 1","MRF expanding",0.0519948542838385
2017-09-01,"h = 1","MRF expanding",0.0460312781293765
2017-10-01,"h = 1","MRF expanding",0.0601466127532358
2017-11-01,"h = 1","MRF expanding",0.0453373826902354
2017-12-01,"h = 1","MRF expanding",0.0484344073546093
2018-01-01,"h = 1","MRF expanding",0.0394787261591164
2018-02-01,"h = 1","MRF expanding",0.0347089926110985
2018-03-01,"h = 1","MRF expanding",0.02773414764368
2018-04-01,"h = 1","MRF expanding",0.0296318359734814
2018-05-01,"h = 1","MRF expanding",0.0338252175663553
2018-06-01,"h = 1","MRF expanding",0.290606766614158
2018-07-01,"h = 1","MRF expanding",0.421884648877035
2018-08-01,"h = 1","MRF expanding",0.488683729773447
2018-09-01,"h = 1","MRF expanding",0.50023221598897
2018-10-01,"h = 1","MRF expanding",0.478212940425422
2018-11-01,"h = 1","MRF expanding",0.564328745325076
2018-12-01,"h = 1","MRF expanding",0.568842155630592
2019-01-01,"h = 1","MRF expanding",0.573719995298803
2019-02-01,"h = 1","MRF expanding",0.579058032454176
2019-03-01,"h = 1","MRF expanding",0.634351338441798
2019-04-01,"h = 1","MRF expanding",0.649838088609523
2019-05-01,"h = 1","MRF expanding",0.694803328916594
2019-06-01,"h = 1","MRF expanding",0.800923970879858
2019-07-01,"h = 1","MRF expanding",0.790767894158149
2019-08-01,"h = 1","MRF expanding",0.797209671216761
2019-09-01,"h = 1","MRF expanding",0.803023740324047
2019-10-01,"h = 1","MRF expanding",0.778475609118431
2019-11-01,"h = 1","MRF expanding",0.849444399496295
2019-12-01,"h = 1","MRF expanding",0.892567733912487
2020-01-01,"h = 1","MRF expanding",0.902002483538568
2020-02-01,"h = 1","MRF expanding",0.902891826143688
2020-03-01,"h = 1","MRF expanding",0.940023224594672
2020-04-01,"h = 1","MRF expanding",0.899503478909783
2020-05-01,"h = 1","MRF expanding",0.232825950332471
2020-06-01,"h = 1","MRF expanding",0.20456654114763
2020-07-01,"h = 1","MRF expanding",0.20197939554276
2020-08-01,"h = 1","MRF expanding",0.218404518325707
2020-09-01,"h = 1","MRF expanding",0.30866835660214
2020-10-01,"h = 1","MRF expanding",0.330332737984292
2020-11-01,"h = 1","MRF expanding",0.323424116595337
2020-12-01,"h = 1","MRF expanding",0.276588707115322
2021-01-01,"h = 1","MRF expanding",0.356220281911411
2021-02-01,"h = 1","MRF expanding",0.522175542684327
2021-03-01,"h = 1","MRF expanding",0.564753794146992
2021-04-01,"h = 1","MRF expanding",0.560571193406931
2021-05-01,"h = 1","MRF expanding",0.681425074090314
2021-06-01,"h = 1","MRF expanding",0.654753397726124
2021-07-01,"h = 1","MRF expanding",0.613534173584772
2021-08-01,"h = 1","MRF expanding",0.594944154968524
2021-09-01,"h = 1","MRF expanding",0.528452783388713
2021-10-01,"h = 1","MRF expanding",0.431445657000802
2021-11-01,"h = 1","MRF expanding",0.430051401254351
2021-12-01,"h = 1","MRF expanding",0.412156270355625
2022-01-01,"h = 1","MRF expanding",0.402876984646224
2022-02-01,"h = 1","MRF expanding",0.531826428960913
2022-03-01,"h = 1","MRF expanding",0.511095876740813
2022-04-01,"h = 1","MRF expanding",0.499979512108571
2022-05-01,"h = 1","MRF expanding",0.519000198524066
2022-06-01,"h = 1","MRF expanding",0.511776790549789
2022-07-01,"h = 1","MRF expanding",0.706489894706157
2022-08-01,"h = 1","MRF expanding",0.67985078233192
2022-09-01,"h = 1","MRF expanding",0.574135756319955
2022-10-01,"h = 1","MRF expanding",0.690081940091416
2022-11-01,"h = 1","MRF expanding",0.685776475130256
2022-12-01,"h = 1","MRF expanding",0.643130985948617
2023-01-01,"h = 1","MRF expanding",0.643964956700507
2023-02-01,"h = 1","MRF expanding",0.630919555415009
2023-03-01,"h = 1","MRF expanding",0.632040763693422
2023-04-01,"h = 1","MRF expanding",0.57534585286665
2023-05-01,"h = 1","MRF expanding",0.570924411181361
2023-06-01,"h = 1","MRF expanding",0.722612187678816
2023-07-01,"h = 1","MRF expanding",0.730195713750873
2023-08-01,"h = 1","MRF expanding",0.73061114216946
2023-09-01,"h = 1","MRF expanding",0.732666206826253
2023-10-01,"h = 1","MRF expanding",0.734282974754709
2023-11-01,"h = 1","MRF expanding",0.731392926513863
2023-12-01,"h = 1","MRF expanding",0.722135048831423
2024-01-01,"h = 1","MRF expanding",0.726535106060359
2024-02-01,"h = 1","MRF expanding",0.773417649003751
2024-03-01,"h = 1","MRF expanding",0.848499362830362
2024-04-01,"h = 1","MRF expanding",0.830405029731639
2024-05-01,"h = 1","MRF expanding",0.830087069379481
2024-06-01,"h = 1","MRF expanding",0.809270450444217
2024-07-01,"h = 1","MRF expanding",0.814043706611243
2024-08-01,"h = 1","MRF expanding",0.860418530550728
2024-09-01,"h = 1","MRF expanding",0.856550841833323
2024-10-01,"h = 1","MRF expanding",0.867349715980568
2024-11-01,"h = 1","MRF expanding",0.851913570610043
2024-12-01,"h = 1","MRF expanding",0.856676310186734
2025-01-01,"h = 1","MRF expanding",0.815107805307566
2025-02-01,"h = 1","MRF expanding",1.11237748406416
2025-03-01,"h = 1","MRF expanding",1.20070512824777
2025-04-01,"h = 1","MRF expanding",1.2113627500814
2025-05-01,"h = 1","MRF expanding",1.21954950429351
2025-06-01,"h = 1","MRF expanding",1.22569263981629
2025-07-01,"h = 1","MRF expanding",1.23318672315189
2025-08-01,"h = 1","MRF expanding",1.26343993782418
2025-09-01,"h = 1","MRF expanding",1.30697677174731
2025-10-01,"h = 1","MRF expanding",1.37709734091681
2025-11-01,"h = 1","MRF expanding",1.37477189932164
2025-12-01,"h = 1","MRF expanding",1.37456622258109
2016-03-01,"h = 3","MRF fixed",0.0855787853454124
2016-04-01,"h = 3","MRF fixed",0.105944826229679
2016-05-01,"h = 3","MRF fixed",0.0525305081381321
2016-06-01,"h = 3","MRF fixed",0.0523498143809132
2016-07-01,"h = 3","MRF fixed",0.0858070923171864
2016-08-01,"h = 3","MRF fixed",0.103306735480691
2016-09-01,"h = 3","MRF fixed",0.174369113786426
2016-10-01,"h = 3","MRF fixed",0.153221237586519
2016-11-01,"h = 3","MRF fixed",0.127797924182969
2016-12-01,"h = 3","MRF fixed",0.0994975933295917
2017-01-01,"h = 3","MRF fixed",0.126099351203214
2017-02-01,"h = 3","MRF fixed",0.119865545266865
2017-03-01,"h = 3","MRF fixed",0.0867821273257567
2017-04-01,"h = 3","MRF fixed",0.020704635463511
2017-05-01,"h = 3","MRF fixed",0.0314941261468232
2017-06-01,"h = 3","MRF fixed",0.15630706742164
2017-07-01,"h = 3","MRF fixed",0.0862089885660024
2017-08-01,"h = 3","MRF fixed",0.125185517940456
2017-09-01,"h = 3","MRF fixed",0.00957420441118666
2017-10-01,"h = 3","MRF fixed",0.00979530768918323
2017-11-01,"h = 3","MRF fixed",-0.000647618451896029
2017-12-01,"h = 3","MRF fixed",-0.00644752340104559
2018-01-01,"h = 3","MRF fixed",-0.029861196703319
2018-02-01,"h = 3","MRF fixed",-0.0630892540131978
2018-03-01,"h = 3","MRF fixed",-0.136115432156241
2018-04-01,"h = 3","MRF fixed",-0.213936417401783
2018-05-01,"h = 3","MRF fixed",-0.224618998916239
2018-06-01,"h = 3","MRF fixed",-0.0180218467774514
2018-07-01,"h = 3","MRF fixed",-0.0380030842351682
2018-08-01,"h = 3","MRF fixed",-0.26573145536459
2018-09-01,"h = 3","MRF fixed",-0.205666052961363
2018-10-01,"h = 3","MRF fixed",-0.21347330833429
2018-11-01,"h = 3","MRF fixed",-0.457690069617654
2018-12-01,"h = 3","MRF fixed",-0.56933721131151
2019-01-01,"h = 3","MRF fixed",-0.579217505066097
2019-02-01,"h = 3","MRF fixed",-0.557217331989681
2019-03-01,"h = 3","MRF fixed",-0.374003325034221
2019-04-01,"h = 3","MRF fixed",-0.363169193425766
2019-05-01,"h = 3","MRF fixed",-0.370484605576245
2019-06-01,"h = 3","MRF fixed",-0.142744501587504
2019-07-01,"h = 3","MRF fixed",-0.118986433390459
2019-08-01,"h = 3","MRF fixed",-0.183770030455256
2019-09-01,"h = 3","MRF fixed",-0.460070602143327
2019-10-01,"h = 3","MRF fixed",-0.491672173655277
2019-11-01,"h = 3","MRF fixed",-0.454650495022917
2019-12-01,"h = 3","MRF fixed",-0.0940016942810199
2020-01-01,"h = 3","MRF fixed",-0.182016179155917
2020-02-01,"h = 3","MRF fixed",-0.215282093403097
2020-03-01,"h = 3","MRF fixed",-0.12201600547297
2020-04-01,"h = 3","MRF fixed",-0.356365406225084
2020-05-01,"h = 3","MRF fixed",-0.447905605380618
2020-06-01,"h = 3","MRF fixed",-0.504821177997852
2020-07-01,"h = 3","MRF fixed",-0.736759962379156
2020-08-01,"h = 3","MRF fixed",-0.765352042729167
2020-09-01,"h = 3","MRF fixed",-0.727256529686424
2020-10-01,"h = 3","MRF fixed",-0.721742650528757
2020-11-01,"h = 3","MRF fixed",-0.580898528488036
2020-12-01,"h = 3","MRF fixed",-0.675349201998749
2021-01-01,"h = 3","MRF fixed",-0.639881445044959
2021-02-01,"h = 3","MRF fixed",-0.706074501549451
2021-03-01,"h = 3","MRF fixed",-0.803360406558228
2021-04-01,"h = 3","MRF fixed",-0.92979690622309
2021-05-01,"h = 3","MRF fixed",-0.881783067126581
2021-06-01,"h = 3","MRF fixed",-0.922013887883467
2021-07-01,"h = 3","MRF fixed",-0.788449973601864
2021-08-01,"h = 3","MRF fixed",-0.819331829348282
2021-09-01,"h = 3","MRF fixed",-0.807959956877472
2021-10-01,"h = 3","MRF fixed",-0.997357884889623
2021-11-01,"h = 3","MRF fixed",-1.05279847624734
2021-12-01,"h = 3","MRF fixed",-1.06541735522713
2022-01-01,"h = 3","MRF fixed",-1.05991796795199
2022-02-01,"h = 3","MRF fixed",-1.20831649619481
2022-03-01,"h = 3","MRF fixed",-1.31373304073105
2022-04-01,"h = 3","MRF fixed",-1.10292049148336
2022-05-01,"h = 3","MRF fixed",-1.0785333309223
2022-06-01,"h = 3","MRF fixed",-1.22981796104008
2022-07-01,"h = 3","MRF fixed",-0.816640400069586
2022-08-01,"h = 3","MRF fixed",-0.588104089113724
2022-09-01,"h = 3","MRF fixed",-0.342775190885956
2022-10-01,"h = 3","MRF fixed",-0.211634983710936
2022-11-01,"h = 3","MRF fixed",-0.222371153935749
2022-12-01,"h = 3","MRF fixed",-0.117636384010398
2023-01-01,"h = 3","MRF fixed",-0.117320730201568
2023-02-01,"h = 3","MRF fixed",-0.120151674629168
2023-03-01,"h = 3","MRF fixed",-0.113004673370057
2023-04-01,"h = 3","MRF fixed",-0.109368555382495
2023-05-01,"h = 3","MRF fixed",-0.0704725339782811
2023-06-01,"h = 3","MRF fixed",0.274381543987541
2023-07-01,"h = 3","MRF fixed",0.195862504580807
2023-08-01,"h = 3","MRF fixed",0.199263351780964
2023-09-01,"h = 3","MRF fixed",0.17609667744417
2023-10-01,"h = 3","MRF fixed",0.160540822761142
2023-11-01,"h = 3","MRF fixed",0.168336869727364
2023-12-01,"h = 3","MRF fixed",0.178070198949193
2024-01-01,"h = 3","MRF fixed",0.173190310563009
2024-02-01,"h = 3","MRF fixed",0.195307692610387
2024-03-01,"h = 3","MRF fixed",0.197808173044642
2024-04-01,"h = 3","MRF fixed",0.17543904230936
2024-05-01,"h = 3","MRF fixed",0.17924523262261
2024-06-01,"h = 3","MRF fixed",0.170643356377049
2024-07-01,"h = 3","MRF fixed",0.167109795724015
2024-08-01,"h = 3","MRF fixed",0.116051311597785
2024-09-01,"h = 3","MRF fixed",0.117408461598562
2024-10-01,"h = 3","MRF fixed",0.127741169921734
2024-11-01,"h = 3","MRF fixed",0.106084366629338
2024-12-01,"h = 3","MRF fixed",0.107715995938831
2025-01-01,"h = 3","MRF fixed",0.0858708909034687
2025-02-01,"h = 3","MRF fixed",0.293791327376725
2025-03-01,"h = 3","MRF fixed",0.306041610858877
2025-04-01,"h = 3","MRF fixed",0.27021256980052
2025-05-01,"h = 3","MRF fixed",0.381411448554865
2025-06-01,"h = 3","MRF fixed",0.373714986510933
2025-07-01,"h = 3","MRF fixed",0.370612776147216
2025-08-01,"h = 3","MRF fixed",0.276782380372339
2025-09-01,"h = 3","MRF fixed",0.278763008574788
2025-10-01,"h = 3","MRF fixed",0.298266578738202
2025-11-01,"h = 3","MRF fixed",0.211182963404568
2025-12-01,"h = 3","MRF fixed",0.215509563542983
2016-03-01,"h = 3","MRF expanding",0.0978497124586894
2016-04-01,"h = 3","MRF expanding",0.116178097194482
2016-05-01,"h = 3","MRF expanding",0.0630419556827359
2016-06-01,"h = 3","MRF expanding",0.0628221259295344
2016-07-01,"h = 3","MRF expanding",0.0979611161684916
2016-08-01,"h = 3","MRF expanding",0.115176509619276
2016-09-01,"h = 3","MRF expanding",0.176853585811548
2016-10-01,"h = 3","MRF expanding",0.153099493623198
2016-11-01,"h = 3","MRF expanding",0.112713608036016
2016-12-01,"h = 3","MRF expanding",0.0665720424685727
2017-01-01,"h = 3","MRF expanding",0.086562661870114
2017-02-01,"h = 3","MRF expanding",0.0905175277948415
2017-03-01,"h = 3","MRF expanding",0.0624565674944364
2017-04-01,"h = 3","MRF expanding",0.00228902374654804
2017-05-01,"h = 3","MRF expanding",0.019741210767037
2017-06-01,"h = 3","MRF expanding",0.227175234927756
2017-07-01,"h = 3","MRF expanding",0.1954789041858
2017-08-01,"h = 3","MRF expanding",0.244298769101906
2017-09-01,"h = 3","MRF expanding",0.163831842628063
2017-10-01,"h = 3","MRF expanding",0.165345413926028
2017-11-01,"h = 3","MRF expanding",0.155837464667514
2017-12-01,"h = 3","MRF expanding",0.151612252109728
2018-01-01,"h = 3","MRF expanding",0.139803366852017
2018-02-01,"h = 3","MRF expanding",0.117716634120069
2018-03-01,"h = 3","MRF expanding",0.0689303433173705
2018-04-01,"h = 3","MRF expanding",0.022823573514761
2018-05-01,"h = 3","MRF expanding",0.0227631743540237
2018-06-01,"h = 3","MRF expanding",0.0583409474987928
2018-07-01,"h = 3","MRF expanding",0.0569181251090633
2018-08-01,"h = 3","MRF expanding",-0.106455805309685
2018-09-01,"h = 3","MRF expanding",-0.0424277922331117
2018-10-01,"h = 3","MRF expanding",-0.0475271288198546
2018-11-01,"h = 3","MRF expanding",-0.180009111335264
2018-12-01,"h = 3","MRF expanding",-0.323285768713275
2019-01-01,"h = 3","MRF expanding",-0.311334246841558
2019-02-01,"h = 3","MRF expanding",-0.283108991423819
2019-03-01,"h = 3","MRF expanding",-0.151648690407689
2019-04-01,"h = 3","MRF expanding",-0.136502995725748
2019-05-01,"h = 3","MRF expanding",-0.119885215702978
2019-06-01,"h = 3","MRF expanding",0.190071559454868
2019-07-01,"h = 3","MRF expanding",0.220143827575023
2019-08-01,"h = 3","MRF expanding",0.208730624910818
2019-09-01,"h = 3","MRF expanding",0.123691596978615
2019-10-01,"h = 3","MRF expanding",0.119416637071824
2019-11-01,"h = 3","MRF expanding",0.145825224336317
2019-12-01,"h = 3","MRF expanding",0.342864184772419
2020-01-01,"h = 3","MRF expanding",0.302100785140067
2020-02-01,"h = 3","MRF expanding",0.313286766275897
2020-03-01,"h = 3","MRF expanding",0.424039317525411
2020-04-01,"h = 3","MRF expanding",0.329010646979838
2020-05-01,"h = 3","MRF expanding",0.401881977613593
2020-06-01,"h = 3","MRF expanding",0.390919235128643
2020-07-01,"h = 3","MRF expanding",0.381676103049215
2020-08-01,"h = 3","MRF expanding",0.297001151396004
2020-09-01,"h = 3","MRF expanding",0.356347095910724
2020-10-01,"h = 3","MRF expanding",0.404266161579995
2020-11-01,"h = 3","MRF expanding",0.565751316647506
2020-12-01,"h = 3","MRF expanding",0.525483526720361
2021-01-01,"h = 3","MRF expanding",0.344336014388357
2021-02-01,"h = 3","MRF expanding",0.408578733762099
2021-03-01,"h = 3","MRF expanding",0.370307899365583
2021-04-01,"h = 3","MRF expanding",0.247628403576793
2021-05-01,"h = 3","MRF expanding",0.293675182988483
2021-06-01,"h = 3","MRF expanding",0.287474859079432
2021-07-01,"h = 3","MRF expanding",0.336675924240417
2021-08-01,"h = 3","MRF expanding",0.335166325268836
2021-09-01,"h = 3","MRF expanding",0.269852369626535
2021-10-01,"h = 3","MRF expanding",0.11942841289274
2021-11-01,"h = 3","MRF expanding",0.0948253688957513
2021-12-01,"h = 3","MRF expanding",0.0437456435146638
2022-01-01,"h = 3","MRF expanding",-0.00562611579820878
2022-02-01,"h = 3","MRF expanding",-0.066349775764212
2022-03-01,"h = 3","MRF expanding",-0.0906364423027404
2022-04-01,"h = 3","MRF expanding",0.139268552364604
2022-05-01,"h = 3","MRF expanding",0.151539087665526
2022-06-01,"h = 3","MRF expanding",0.113109098037554
2022-07-01,"h = 3","MRF expanding",0.403907459836837
2022-08-01,"h = 3","MRF expanding",0.651355794402468
2022-09-01,"h = 3","MRF expanding",0.942576062344745
2022-10-01,"h = 3","MRF expanding",1.00891997603593
2022-11-01,"h = 3","MRF expanding",1.02277640284496
2022-12-01,"h = 3","MRF expanding",1.06198760502407
2023-01-01,"h = 3","MRF expanding",1.05240592197176
2023-02-01,"h = 3","MRF expanding",0.994587413131242
2023-03-01,"h = 3","MRF expanding",0.980417242118842
2023-04-01,"h = 3","MRF expanding",0.973194177380419
2023-05-01,"h = 3","MRF expanding",1.0168619170416
2023-06-01,"h = 3","MRF expanding",1.28171379317235
2023-07-01,"h = 3","MRF expanding",1.25421848255403
2023-08-01,"h = 3","MRF expanding",1.26502644695757
2023-09-01,"h = 3","MRF expanding",1.26509730084097
2023-10-01,"h = 3","MRF expanding",1.28248433495522
2023-11-01,"h = 3","MRF expanding",1.30232380460904
2023-12-01,"h = 3","MRF expanding",1.29201793050302
2024-01-01,"h = 3","MRF expanding",1.29177715120376
2024-02-01,"h = 3","MRF expanding",1.23098646842714
2024-03-01,"h = 3","MRF expanding",1.28232077809187
2024-04-01,"h = 3","MRF expanding",1.27616534815816
2024-05-01,"h = 3","MRF expanding",1.27851800568639
2024-06-01,"h = 3","MRF expanding",1.29807268505269
2024-07-01,"h = 3","MRF expanding",1.29910501060717
2024-08-01,"h = 3","MRF expanding",1.29115907976712
2024-09-01,"h = 3","MRF expanding",1.29028153189575
2024-10-01,"h = 3","MRF expanding",1.28291549752255
2024-11-01,"h = 3","MRF expanding",1.28364141790076
2024-12-01,"h = 3","MRF expanding",1.28397727043346
2025-01-01,"h = 3","MRF expanding",1.23222455988287
2025-02-01,"h = 3","MRF expanding",1.36185061848543
2025-03-01,"h = 3","MRF expanding",1.36728645986291
2025-04-01,"h = 3","MRF expanding",1.35740219605965
2025-05-01,"h = 3","MRF expanding",1.4746243882169
2025-06-01,"h = 3","MRF expanding",1.52392713039213
2025-07-01,"h = 3","MRF expanding",1.54185612673549
2025-08-01,"h = 3","MRF expanding",1.48646650399485
2025-09-01,"h = 3","MRF expanding",1.46466045924929
2025-10-01,"h = 3","MRF expanding",1.51335679887942
2025-11-01,"h = 3","MRF expanding",1.47720833704064
2025-12-01,"h = 3","MRF expanding",1.49449417711797
2016-06-01,"h = 6","MRF fixed",0.0566296565224167
2016-07-01,"h = 6","MRF fixed",0.0565223455789788
2016-08-01,"h = 6","MRF fixed",0.0754724721273576
2016-09-01,"h = 6","MRF fixed",-0.0799466624831557
2016-10-01,"h = 6","MRF fixed",0.0359976332300494
2016-11-01,"h = 6","MRF fixed",0.177088260797469
2016-12-01,"h = 6","MRF fixed",0.232323863385276
2017-01-01,"h = 6","MRF fixed",0.211370166877542
2017-02-01,"h = 6","MRF fixed",0.181384709284856
2017-03-01,"h = 6","MRF fixed",0.127018669837177
2017-04-01,"h = 6","MRF fixed",-0.0157238517372227
2017-05-01,"h = 6","MRF fixed",-0.0588117275876319
2017-06-01,"h = 6","MRF fixed",-0.397293448244274
2017-07-01,"h = 6","MRF fixed",-0.475735550281001
2017-08-01,"h = 6","MRF fixed",-0.469277838398855
2017-09-01,"h = 6","MRF fixed",-0.537283157247124
2017-10-01,"h = 6","MRF fixed",-0.54785759959414
2017-11-01,"h = 6","MRF fixed",-0.591949495022083
2017-12-01,"h = 6","MRF fixed",-0.640733754377401
2018-01-01,"h = 6","MRF fixed",-0.753565219893496
2018-02-01,"h = 6","MRF fixed",-0.90008547335492
2018-03-01,"h = 6","MRF fixed",-1.24742724551837
2018-04-01,"h = 6","MRF fixed",-1.49697455699824
2018-05-01,"h = 6","MRF fixed",-1.56382034552393
2018-06-01,"h = 6","MRF fixed",-1.06697854053359
2018-07-01,"h = 6","MRF fixed",-1.11006728337631
2018-08-01,"h = 6","MRF fixed",-1.17459219850706
2018-09-01,"h = 6","MRF fixed",-1.19502543388574
2018-10-01,"h = 6","MRF fixed",-1.26529660286518
2018-11-01,"h = 6","MRF fixed",-1.5943282087842
2018-12-01,"h = 6","MRF fixed",-1.84505781633137
2019-01-01,"h = 6","MRF fixed",-1.84372886240825
2019-02-01,"h = 6","MRF fixed",-1.96799126878106
2019-03-01,"h = 6","MRF fixed",-1.86162855796921
2019-04-01,"h = 6","MRF fixed",-1.87911824815672
2019-05-01,"h = 6","MRF fixed",-1.91017735258525
2019-06-01,"h = 6","MRF fixed",-1.9100317573413
2019-07-01,"h = 6","MRF fixed",-2.03779736257892
2019-08-01,"h = 6","MRF fixed",-2.15352502762087
2019-09-01,"h = 6","MRF fixed",-2.15813169731841
2019-10-01,"h = 6","MRF fixed",-2.16032756015353
2019-11-01,"h = 6","MRF fixed",-2.13562857302827
2019-12-01,"h = 6","MRF fixed",-1.76583103123976
2020-01-01,"h = 6","MRF fixed",-1.98324574145713
2020-02-01,"h = 6","MRF fixed",-2.14754050064735
2020-03-01,"h = 6","MRF fixed",-2.44411096727098
2020-04-01,"h = 6","MRF fixed",-3.11109256635806
2020-05-01,"h = 6","MRF fixed",-3.3698891019627
2020-06-01,"h = 6","MRF fixed",-3.38022292036755
2020-07-01,"h = 6","MRF fixed",-3.37604642851772
2020-08-01,"h = 6","MRF fixed",-3.4316137992049
2020-09-01,"h = 6","MRF fixed",-3.38911017165461
2020-10-01,"h = 6","MRF fixed",-3.34461645009005
2020-11-01,"h = 6","MRF fixed",-3.16590136395904
2020-12-01,"h = 6","MRF fixed",-2.42376685167821
2021-01-01,"h = 6","MRF fixed",-2.73517314866246
2021-02-01,"h = 6","MRF fixed",-2.55791592288886
2021-03-01,"h = 6","MRF fixed",-2.33788870947308
2021-04-01,"h = 6","MRF fixed",-2.61282618141962
2021-05-01,"h = 6","MRF fixed",-2.53062821711033
2021-06-01,"h = 6","MRF fixed",-2.53029270821821
2021-07-01,"h = 6","MRF fixed",-2.4133204934519
2021-08-01,"h = 6","MRF fixed",-2.26604752093704
2021-09-01,"h = 6","MRF fixed",-2.28456246041446
2021-10-01,"h = 6","MRF fixed",-2.2145597282458
2021-11-01,"h = 6","MRF fixed",-2.06825135655548
2021-12-01,"h = 6","MRF fixed",-2.05775464765036
2022-01-01,"h = 6","MRF fixed",-2.07458537881931
2022-02-01,"h = 6","MRF fixed",-2.01914510446438
2022-03-01,"h = 6","MRF fixed",-2.12231414737599
2022-04-01,"h = 6","MRF fixed",-2.13793946928942
2022-05-01,"h = 6","MRF fixed",-2.13889200146959
2022-06-01,"h = 6","MRF fixed",-2.11946884247627
2022-07-01,"h = 6","MRF fixed",-2.36698571990153
2022-08-01,"h = 6","MRF fixed",-2.52379993789026
2022-09-01,"h = 6","MRF fixed",-2.11133114357574
2022-10-01,"h = 6","MRF fixed",-2.28752557988832
2022-11-01,"h = 6","MRF fixed",-2.26238632554976
2022-12-01,"h = 6","MRF fixed",-2.26086608349633
2023-01-01,"h = 6","MRF fixed",-2.28760303243792
2023-02-01,"h = 6","MRF fixed",-2.18412603934146
2023-03-01,"h = 6","MRF fixed",-2.12303383491546
2023-04-01,"h = 6","MRF fixed",-2.15523904897523
2023-05-01,"h = 6","MRF fixed",-2.14242242615072
2023-06-01,"h = 6","MRF fixed",-2.1726058206022
2023-07-01,"h = 6","MRF fixed",-2.21433488067467
2023-08-01,"h = 6","MRF fixed",-2.19222265944241
2023-09-01,"h = 6","MRF fixed",-2.16972909149838
2023-10-01,"h = 6","MRF fixed",-2.10374897770207
2023-11-01,"h = 6","MRF fixed",-2.08288786092456
2023-12-01,"h = 6","MRF fixed",-2.0759951477083
2024-01-01,"h = 6","MRF fixed",-2.14476252611409
2024-02-01,"h = 6","MRF fixed",-2.07706133356831
2024-03-01,"h = 6","MRF fixed",-2.17051823699218
2024-04-01,"h = 6","MRF fixed",-2.23012111466299
2024-05-01,"h = 6","MRF fixed",-2.24219357001233
2024-06-01,"h = 6","MRF fixed",-2.3374156835879
2024-07-01,"h = 6","MRF fixed",-2.34467937577628
2024-08-01,"h = 6","MRF fixed",-2.22046850386598
2024-09-01,"h = 6","MRF fixed",-2.2237602714249
2024-10-01,"h = 6","MRF fixed",-2.22137289013854
2024-11-01,"h = 6","MRF fixed",-2.24012651243162
2024-12-01,"h = 6","MRF fixed",-2.24630166989418
2025-01-01,"h = 6","MRF fixed",-2.38203619473147
2025-02-01,"h = 6","MRF fixed",-2.15842569506075
2025-03-01,"h = 6","MRF fixed",-2.16402375576659
2025-04-01,"h = 6","MRF fixed",-2.31184908461073
2025-05-01,"h = 6","MRF fixed",-2.47765824813842
2025-06-01,"h = 6","MRF fixed",-2.5821629046438
2025-07-01,"h = 6","MRF fixed",-2.69656761545672
2025-08-01,"h = 6","MRF fixed",-2.67148737744361
2025-09-01,"h = 6","MRF fixed",-2.74567018861528
2025-10-01,"h = 6","MRF fixed",-2.77540829707704
2025-11-01,"h = 6","MRF fixed",-2.82864775021655
2025-12-01,"h = 6","MRF fixed",-2.83946076591657
2016-06-01,"h = 6","MRF expanding",0.0592531760388653
2016-07-01,"h = 6","MRF expanding",0.0370349920916083
2016-08-01,"h = 6","MRF expanding",0.0491486683646832
2016-09-01,"h = 6","MRF expanding",-0.0487367972636403
2016-10-01,"h = 6","MRF expanding",0.0928225282564228
2016-11-01,"h = 6","MRF expanding",0.27884393868402
2016-12-01,"h = 6","MRF expanding",0.390705747653618
2017-01-01,"h = 6","MRF expanding",0.393963063335624
2017-02-01,"h = 6","MRF expanding",0.391223939888467
2017-03-01,"h = 6","MRF expanding",0.387431266943079
2017-04-01,"h = 6","MRF expanding",0.352049387055991
2017-05-01,"h = 6","MRF expanding",0.359252288535167
2017-06-01,"h = 6","MRF expanding",0.260023696858759
2017-07-01,"h = 6","MRF expanding",0.264895362841372
2017-08-01,"h = 6","MRF expanding",0.293522606166007
2017-09-01,"h = 6","MRF expanding",0.267562463729084
2017-10-01,"h = 6","MRF expanding",0.265786188267485
2017-11-01,"h = 6","MRF expanding",0.235693449198601
2017-12-01,"h = 6","MRF expanding",0.223300353040186
2018-01-01,"h = 6","MRF expanding",0.206891556066908
2018-02-01,"h = 6","MRF expanding",0.0941520305835871
2018-03-01,"h = 6","MRF expanding",-0.103843325982688
2018-04-01,"h = 6","MRF expanding",-0.261735883643474
2018-05-01,"h = 6","MRF expanding",-0.325705715093885
2018-06-01,"h = 6","MRF expanding",0.11141962782512
2018-07-01,"h = 6","MRF expanding",0.100962378375546
2018-08-01,"h = 6","MRF expanding",0.154866609768118
2018-09-01,"h = 6","MRF expanding",0.155230557624535
2018-10-01,"h = 6","MRF expanding",0.155051873490632
2018-11-01,"h = 6","MRF expanding",-0.0410954518783929
2018-12-01,"h = 6","MRF expanding",-0.222375296625255
2019-01-01,"h = 6","MRF expanding",-0.25081016778799
2019-02-01,"h = 6","MRF expanding",-0.281824535921192
2019-03-01,"h = 6","MRF expanding",-0.135731621863217
2019-04-01,"h = 6","MRF expanding",-0.128498537791959
2019-05-01,"h = 6","MRF expanding",-0.0895171346830959
2019-06-01,"h = 6","MRF expanding",0.116958657831802
2019-07-01,"h = 6","MRF expanding",0.134539189719994
2019-08-01,"h = 6","MRF expanding",0.165819848963929
2019-09-01,"h = 6","MRF expanding",0.291073580623967
2019-10-01,"h = 6","MRF expanding",0.338781353047138
2019-11-01,"h = 6","MRF expanding",0.35375423539398
2019-12-01,"h = 6","MRF expanding",0.539404040777753
2020-01-01,"h = 6","MRF expanding",0.509899634033782
2020-02-01,"h = 6","MRF expanding",0.522486445505803
2020-03-01,"h = 6","MRF expanding",0.45960816761692
2020-04-01,"h = 6","MRF expanding",0.262521522965499
2020-05-01,"h = 6","MRF expanding",0.376194313638704
2020-06-01,"h = 6","MRF expanding",0.397532452501556
2020-07-01,"h = 6","MRF expanding",0.404115457101796
2020-08-01,"h = 6","MRF expanding",0.433774677445271
2020-09-01,"h = 6","MRF expanding",0.423058193440723
2020-10-01,"h = 6","MRF expanding",0.368505831599998
2020-11-01,"h = 6","MRF expanding",0.542447436624054
2020-12-01,"h = 6","MRF expanding",0.808317338797536
2021-01-01,"h = 6","MRF expanding",0.769973468411869
2021-02-01,"h = 6","MRF expanding",0.933311537330481
2021-03-01,"h = 6","MRF expanding",1.12755322866318
2021-04-01,"h = 6","MRF expanding",1.04170150365128
2021-05-01,"h = 6","MRF expanding",1.07312593933735
2021-06-01,"h = 6","MRF expanding",1.07352154759973
2021-07-01,"h = 6","MRF expanding",1.07478441639498
2021-08-01,"h = 6","MRF expanding",1.17966580413962
2021-09-01,"h = 6","MRF expanding",1.10541491864182
2021-10-01,"h = 6","MRF expanding",1.09319451140294
2021-11-01,"h = 6","MRF expanding",1.13139418148521
2021-12-01,"h = 6","MRF expanding",1.12440654485478
2022-01-01,"h = 6","MRF expanding",1.12673406963822
2022-02-01,"h = 6","MRF expanding",1.19155596254673
2022-03-01,"h = 6","MRF expanding",1.13371212614946
2022-04-01,"h = 6","MRF expanding",1.14078811669719
2022-05-01,"h = 6","MRF expanding",1.1473385026495
2022-06-01,"h = 6","MRF expanding",1.17431332548105
2022-07-01,"h = 6","MRF expanding",0.505068856445866
2022-08-01,"h = 6","MRF expanding",0.629703613543773
2022-09-01,"h = 6","MRF expanding",0.896897952218142
2022-10-01,"h = 6","MRF expanding",0.863716827730456
2022-11-01,"h = 6","MRF expanding",0.88622104866764
2022-12-01,"h = 6","MRF expanding",0.869697183349181
2023-01-01,"h = 6","MRF expanding",0.866986688923618
2023-02-01,"h = 6","MRF expanding",0.985989886115115
2023-03-01,"h = 6","MRF expanding",1.04833340104819
2023-04-01,"h = 6","MRF expanding",1.03887998471787
2023-05-01,"h = 6","MRF expanding",1.04508754874542
2023-06-01,"h = 6","MRF expanding",1.14319005984268
2023-07-01,"h = 6","MRF expanding",1.13883210226755
2023-08-01,"h = 6","MRF expanding",1.16635032056763
2023-09-01,"h = 6","MRF expanding",1.18723759242404
2023-10-01,"h = 6","MRF expanding",1.25243983049141
2023-11-01,"h = 6","MRF expanding",1.27848984615138
2023-12-01,"h = 6","MRF expanding",1.25955341390388
2024-01-01,"h = 6","MRF expanding",1.26155884449872
2024-02-01,"h = 6","MRF expanding",1.21130128304913
2024-03-01,"h = 6","MRF expanding",1.2641282455876
2024-04-01,"h = 6","MRF expanding",1.27277137931586
2024-05-01,"h = 6","MRF expanding",1.26899617140616
2024-06-01,"h = 6","MRF expanding",1.29891907335431
2024-07-01,"h = 6","MRF expanding",1.30253431168922
2024-08-01,"h = 6","MRF expanding",1.44330241821709
2024-09-01,"h = 6","MRF expanding",1.44199949709481
2024-10-01,"h = 6","MRF expanding",1.43776980766027
2024-11-01,"h = 6","MRF expanding",1.44012323331808
2024-12-01,"h = 6","MRF expanding",1.43166256610716
2025-01-01,"h = 6","MRF expanding",1.44735168051834
2025-02-01,"h = 6","MRF expanding",1.47281858131983
2025-03-01,"h = 6","MRF expanding",1.46345121069676
2025-04-01,"h = 6","MRF expanding",1.42698545175477
2025-05-01,"h = 6","MRF expanding",1.3773965318231
2025-06-01,"h = 6","MRF expanding",1.38708974626948
2025-07-01,"h = 6","MRF expanding",1.36450859297233
2025-08-01,"h = 6","MRF expanding",1.58864604780196
2025-09-01,"h = 6","MRF expanding",1.5632380831665
2025-10-01,"h = 6","MRF expanding",1.60418654416156
2025-11-01,"h = 6","MRF expanding",1.6091127674123
2025-12-01,"h = 6","MRF expanding",1.62885812537153
2016-12-01,"h = 12","MRF fixed",-0.147406868200056
2017-01-01,"h = 12","MRF fixed",-0.570568556375097
2017-02-01,"h = 12","MRF fixed",-0.593000905185694
2017-03-01,"h = 12","MRF fixed",-0.678637013271887
2017-04-01,"h = 12","MRF fixed",-0.593124851985056
2017-05-01,"h = 12","MRF fixed",-0.562937055678184
2017-06-01,"h = 12","MRF fixed",-0.36091537932856
2017-07-01,"h = 12","MRF fixed",-0.431549666358884
2017-08-01,"h = 12","MRF fixed",-0.494212645477402
2017-09-01,"h = 12","MRF fixed",-0.459861487268742
2017-10-01,"h = 12","MRF fixed",-0.457458056481466
2017-11-01,"h = 12","MRF fixed",-0.436364032076982
2017-12-01,"h = 12","MRF fixed",-0.435143302796454
2018-01-01,"h = 12","MRF fixed",-0.445502480291377
2018-02-01,"h = 12","MRF fixed",-0.441594423170908
2018-03-01,"h = 12","MRF fixed",-0.363761204970272
2018-04-01,"h = 12","MRF fixed",-0.363654599251397
2018-05-01,"h = 12","MRF fixed",-0.358530148044966
2018-06-01,"h = 12","MRF fixed",-0.591053622010678
2018-07-01,"h = 12","MRF fixed",-0.577541242077016
2018-08-01,"h = 12","MRF fixed",-0.500949675398767
2018-09-01,"h = 12","MRF fixed",-0.500343514634151
2018-10-01,"h = 12","MRF fixed",-0.499702217214083
2018-11-01,"h = 12","MRF fixed",-0.463266914922393
2018-12-01,"h = 12","MRF fixed",-0.4808030833289
2019-01-01,"h = 12","MRF fixed",-0.483198884967582
2019-02-01,"h = 12","MRF fixed",-0.483670369325408
2019-03-01,"h = 12","MRF fixed",-0.564029521062345
2019-04-01,"h = 12","MRF fixed",-0.581167596095716
2019-05-01,"h = 12","MRF fixed",-0.598958305815081
2019-06-01,"h = 12","MRF fixed",-0.713920726864744
2019-07-01,"h = 12","MRF fixed",-0.755940232373471
2019-08-01,"h = 12","MRF fixed",-0.658998397881399
2019-09-01,"h = 12","MRF fixed",-0.697377008110666
2019-10-01,"h = 12","MRF fixed",-0.728828556710864
2019-11-01,"h = 12","MRF fixed",-0.760970417550004
2019-12-01,"h = 12","MRF fixed",-0.784889212879848
2020-01-01,"h = 12","MRF fixed",-0.761470072872392
2020-02-01,"h = 12","MRF fixed",-0.764593091748614
2020-03-01,"h = 12","MRF fixed",-0.776040259846856
2020-04-01,"h = 12","MRF fixed",-0.898100043726036
2020-05-01,"h = 12","MRF fixed",-0.848019841327355
2020-06-01,"h = 12","MRF fixed",-0.84767279226117
2020-07-01,"h = 12","MRF fixed",-0.840166386072346
2020-08-01,"h = 12","MRF fixed",-0.806016477870346
2020-09-01,"h = 12","MRF fixed",-0.870827015147977
2020-10-01,"h = 12","MRF fixed",-1.01679672629747
2020-11-01,"h = 12","MRF fixed",-0.984479527698524
2020-12-01,"h = 12","MRF fixed",-0.609264910456954
2021-01-01,"h = 12","MRF fixed",-0.68043705455121
2021-02-01,"h = 12","MRF fixed",-0.726199400090197
2021-03-01,"h = 12","MRF fixed",-0.864794595057258
2021-04-01,"h = 12","MRF fixed",-0.851674869793223
2021-05-01,"h = 12","MRF fixed",-1.45591954946178
2021-06-01,"h = 12","MRF fixed",-1.55704205881705
2021-07-01,"h = 12","MRF fixed",-1.65525315468785
2021-08-01,"h = 12","MRF fixed",-1.69286223613985
2021-09-01,"h = 12","MRF fixed",-1.57970133332883
2021-10-01,"h = 12","MRF fixed",-1.34557479099546
2021-11-01,"h = 12","MRF fixed",-1.20583092778162
2021-12-01,"h = 12","MRF fixed",-1.17389373849248
2022-01-01,"h = 12","MRF fixed",-1.1642775853325
2022-02-01,"h = 12","MRF fixed",-1.06303463951642
2022-03-01,"h = 12","MRF fixed",-0.922880459975462
2022-04-01,"h = 12","MRF fixed",-0.820119173166656
2022-05-01,"h = 12","MRF fixed",-0.827724793708916
2022-06-01,"h = 12","MRF fixed",-0.808574482612825
2022-07-01,"h = 12","MRF fixed",-1.09887754954522
2022-08-01,"h = 12","MRF fixed",-1.32604315756315
2022-09-01,"h = 12","MRF fixed",-2.03271770144281
2022-10-01,"h = 12","MRF fixed",-2.17053689214911
2022-11-01,"h = 12","MRF fixed",-2.30130018681621
2022-12-01,"h = 12","MRF fixed",-2.30307948245444
2023-01-01,"h = 12","MRF fixed",-2.31600658550321
2023-02-01,"h = 12","MRF fixed",-2.26836952266684
2023-03-01,"h = 12","MRF fixed",-2.26716252965514
2023-04-01,"h = 12","MRF fixed",-2.30154603102584
2023-05-01,"h = 12","MRF fixed",-2.27521212840495
2023-06-01,"h = 12","MRF fixed",-2.41208803181948
2023-07-01,"h = 12","MRF fixed",-2.31313214855048
2023-08-01,"h = 12","MRF fixed",-2.30002491334822
2023-09-01,"h = 12","MRF fixed",-2.25449292563442
2023-10-01,"h = 12","MRF fixed",-2.26169018223245
2023-11-01,"h = 12","MRF fixed",-2.27912705152271
2023-12-01,"h = 12","MRF fixed",-2.27484324426553
2024-01-01,"h = 12","MRF fixed",-2.31597049700814
2024-02-01,"h = 12","MRF fixed",-2.23102416613899
2024-03-01,"h = 12","MRF fixed",-2.27317054861629
2024-04-01,"h = 12","MRF fixed",-2.36183451712168
2024-05-01,"h = 12","MRF fixed",-2.36472780162797
2024-06-01,"h = 12","MRF fixed",-2.32597157702291
2024-07-01,"h = 12","MRF fixed",-2.32317883591624
2024-08-01,"h = 12","MRF fixed",-2.22734459213815
2024-09-01,"h = 12","MRF fixed",-2.22708166950399
2024-10-01,"h = 12","MRF fixed",-2.24022217476087
2024-11-01,"h = 12","MRF fixed",-2.23595990206588
2024-12-01,"h = 12","MRF fixed",-2.23489162424309
2025-01-01,"h = 12","MRF fixed",-2.28589666562408
2025-02-01,"h = 12","MRF fixed",-2.03426950342784
2025-03-01,"h = 12","MRF fixed",-2.03485439786905
2025-04-01,"h = 12","MRF fixed",-2.03370206831731
2025-05-01,"h = 12","MRF fixed",-2.05879004474703
2025-06-01,"h = 12","MRF fixed",-2.0416596890621
2025-07-01,"h = 12","MRF fixed",-2.0264669799192
2025-08-01,"h = 12","MRF fixed",-1.9704706453381
2025-09-01,"h = 12","MRF fixed",-1.9706649688239
2025-10-01,"h = 12","MRF fixed",-2.00240317247181
2025-11-01,"h = 12","MRF fixed",-2.05664491546786
2025-12-01,"h = 12","MRF fixed",-2.08338137236947
2016-12-01,"h = 12","MRF expanding",-0.109039786847871
2017-01-01,"h = 12","MRF expanding",-0.17054935460849
2017-02-01,"h = 12","MRF expanding",-0.0723671749992493
2017-03-01,"h = 12","MRF expanding",-0.113493560912933
2017-04-01,"h = 12","MRF expanding",-0.00280731823516145
2017-05-01,"h = 12","MRF expanding",0.0523156343476541
2017-06-01,"h = 12","MRF expanding",0.273864583304234
2017-07-01,"h = 12","MRF expanding",0.229897917609858
2017-08-01,"h = 12","MRF expanding",0.190294705803611
2017-09-01,"h = 12","MRF expanding",0.216488427786557
2017-10-01,"h = 12","MRF expanding",0.218838756863253
2017-11-01,"h = 12","MRF expanding",0.243991354670778
2017-12-01,"h = 12","MRF expanding",0.244932999628771
2018-01-01,"h = 12","MRF expanding",0.239748690026343
2018-02-01,"h = 12","MRF expanding",0.256699421746776
2018-03-01,"h = 12","MRF expanding",0.329879264483559
2018-04-01,"h = 12","MRF expanding",0.35193312148119
2018-05-01,"h = 12","MRF expanding",0.356733202074113
2018-06-01,"h = 12","MRF expanding",0.000178126344094141
2018-07-01,"h = 12","MRF expanding",0.0140106321217896
2018-08-01,"h = 12","MRF expanding",0.0689440923832019
2018-09-01,"h = 12","MRF expanding",0.0704055574060203
2018-10-01,"h = 12","MRF expanding",0.069935874788683
2018-11-01,"h = 12","MRF expanding",0.110670163973944
2018-12-01,"h = 12","MRF expanding",0.100675482578201
2019-01-01,"h = 12","MRF expanding",0.106751764389103
2019-02-01,"h = 12","MRF expanding",0.107367264486106
2019-03-01,"h = 12","MRF expanding",0.0564469519402864
2019-04-01,"h = 12","MRF expanding",0.0392823386090106
2019-05-01,"h = 12","MRF expanding",0.0289306829124248
2019-06-01,"h = 12","MRF expanding",0.205557688801941
2019-07-01,"h = 12","MRF expanding",0.19184739193648
2019-08-01,"h = 12","MRF expanding",0.282984438690527
2019-09-01,"h = 12","MRF expanding",0.25211562041836
2019-10-01,"h = 12","MRF expanding",0.273320018494122
2019-11-01,"h = 12","MRF expanding",0.274434117689985
2019-12-01,"h = 12","MRF expanding",0.268613059117587
2020-01-01,"h = 12","MRF expanding",0.300291208934772
2020-02-01,"h = 12","MRF expanding",0.311556650388827
2020-03-01,"h = 12","MRF expanding",0.34461339701703
2020-04-01,"h = 12","MRF expanding",0.401535471597892
2020-05-01,"h = 12","MRF expanding",0.520984169759816
2020-06-01,"h = 12","MRF expanding",0.501117432410785
2020-07-01,"h = 12","MRF expanding",0.507990864409595
2020-08-01,"h = 12","MRF expanding",0.537038411894745
2020-09-01,"h = 12","MRF expanding",0.541843778763558
2020-10-01,"h = 12","MRF expanding",0.417461620380373
2020-11-01,"h = 12","MRF expanding",0.398241555304424
2020-12-01,"h = 12","MRF expanding",0.388040862862787
2021-01-01,"h = 12","MRF expanding",0.39988646619729
2021-02-01,"h = 12","MRF expanding",0.412102972377747
2021-03-01,"h = 12","MRF expanding",0.368497737053907
2021-04-01,"h = 12","MRF expanding",0.288382353420551
2021-05-01,"h = 12","MRF expanding",-0.00508366983788614
2021-06-01,"h = 12","MRF expanding",-0.00199334799161299
2021-07-01,"h = 12","MRF expanding",-0.0505180669109565
2021-08-01,"h = 12","MRF expanding",-0.101497781847842
2021-09-01,"h = 12","MRF expanding",-0.176308641870745
2021-10-01,"h = 12","MRF expanding",-0.327474885108934
2021-11-01,"h = 12","MRF expanding",-0.384264154790611
2021-12-01,"h = 12","MRF expanding",-0.379602010724313
2022-01-01,"h = 12","MRF expanding",-0.399745351447969
2022-02-01,"h = 12","MRF expanding",-0.311384806639864
2022-03-01,"h = 12","MRF expanding",-0.536122145871553
2022-04-01,"h = 12","MRF expanding",-0.548542002077523
2022-05-01,"h = 12","MRF expanding",-0.558027686610167
2022-06-01,"h = 12","MRF expanding",-0.579328730074017
2022-07-01,"h = 12","MRF expanding",-0.500115657961738
2022-08-01,"h = 12","MRF expanding",-0.446442800704831
2022-09-01,"h = 12","MRF expanding",-0.612793992607163
2022-10-01,"h = 12","MRF expanding",-0.612816399054394
2022-11-01,"h = 12","MRF expanding",-0.608476807057955
2022-12-01,"h = 12","MRF expanding",-0.602477692643847
2023-01-01,"h = 12","MRF expanding",-0.60724666581514
2023-02-01,"h = 12","MRF expanding",-0.591829621921225
2023-03-01,"h = 12","MRF expanding",-0.593930124586314
2023-04-01,"h = 12","MRF expanding",-0.594285949555425
2023-05-01,"h = 12","MRF expanding",-0.543920277725864
2023-06-01,"h = 12","MRF expanding",-0.51914408164783
2023-07-01,"h = 12","MRF expanding",-0.429591377611508
2023-08-01,"h = 12","MRF expanding",-0.375826501676448
2023-09-01,"h = 12","MRF expanding",-0.416945269323721
2023-10-01,"h = 12","MRF expanding",-0.412413566604823
2023-11-01,"h = 12","MRF expanding",-0.379715807497206
2023-12-01,"h = 12","MRF expanding",-0.374617157443772
2024-01-01,"h = 12","MRF expanding",-0.381582326747938
2024-02-01,"h = 12","MRF expanding",-0.34399494731483
2024-03-01,"h = 12","MRF expanding",-0.238803862152938
2024-04-01,"h = 12","MRF expanding",-0.227034999167869
2024-05-01,"h = 12","MRF expanding",-0.248168214639382
2024-06-01,"h = 12","MRF expanding",-0.220651200493294
2024-07-01,"h = 12","MRF expanding",-0.217498867126241
2024-08-01,"h = 12","MRF expanding",-0.0807018931528076
2024-09-01,"h = 12","MRF expanding",-0.0823009290193228
2024-10-01,"h = 12","MRF expanding",-0.0988910103094414
2024-11-01,"h = 12","MRF expanding",-0.0942860930666418
2024-12-01,"h = 12","MRF expanding",-0.0933757932570466
2025-01-01,"h = 12","MRF expanding",-0.0983450754861602
2025-02-01,"h = 12","MRF expanding",0.0235738173468
2025-03-01,"h = 12","MRF expanding",-0.0222291513595928
2025-04-01,"h = 12","MRF expanding",-0.0208961776815062
2025-05-01,"h = 12","MRF expanding",-0.0113781911795688
2025-06-01,"h = 12","MRF expanding",0.0165450493413584
2025-07-01,"h = 12","MRF expanding",0.0369503348863027
2025-08-01,"h = 12","MRF expanding",0.109940588245594
2025-09-01,"h = 12","MRF expanding",0.10921503239413
2025-10-01,"h = 12","MRF expanding",0.0990785665457991
2025-11-01,"h = 12","MRF expanding",0.0347253530092714
2025-12-01,"h = 12","MRF expanding",0.00975563781031035
